[{"pk": 1, "model": "mailrobot.address", "fields": {"comment": "[IED] Ne pas repondre", "address": "nepasrepondre@iedparis8.net"}}, {"pk": 2, "model": "mailrobot.address", "fields": {"comment": "envoi", "address": "convocations@iedparis8.net"}}, {"pk": 3, "model": "mailrobot.address", "fields": {"comment": "pole financier", "address": "pole-financier@iedparis8.net"}}, {"pk": 1, "model": "mailrobot.signature", "fields": {"sig": "\r\n--\r\nL'Institut d'Enseignement \u00e0 Distance de Paris 8", "name": "ied"}}, {"pk": 2, "model": "mailrobot.signature", "fields": {"sig": "\r\nCordialement\r\nLa direction de l'IED", "name": "direction_ied"}}, {"pk": 3, "model": "mailrobot.signature", "fields": {"sig": "Le Service de la Scolarit\u00e9 de l\u2019IED.\r\n---\r\nUNIVERSITE PARIS 8\r\nInstitut d'Enseignement \u00e0 Distance\r\nB\u00e2timent D \r\n2, rue de la Libert\u00e9\r\n93 526 SAINT-DENIS cedex 02\r\nTel. 0 820 209 766\r\nFax. 01 49 40 72 04", "name": "scolarite"}}, {"pk": 4, "model": "mailrobot.signature", "fields": {"sig": "P\u00d4LE FINANCIER\r\nInstitut d\u2019Enseignement \u00e0 Distance \u2013 IED\r\nUNIVERSIT\u00c9 PARIS 8\r\n2, rue de la Libert\u00e9\r\n93 526 SAINT-DENIS Cedex 02\r\nne pas r\u00e9pondre \u00e0 ce mail", "name": "pole_financier"}}, {"pk": 1, "model": "mailrobot.mailbody", "fields": {"body": " Bonjour,\r\n\r\nVous recevez ce courriel suite \u00e0 votre pr\u00e9-inscription en ligne effectu\u00e9e sur le site de l'Institut d'Enseignement \u00e0 Distance (IED) de Paris 8 {{ site }}.\r\n\r\nNous vous informons par ce message de la bonne r\u00e9ception par nos services de votre dossier {{ etape|safe }}.\r\n\r\nNous vous communiquerons ult\u00e9rieurement par voie \u00e9lectronique la suite accord\u00e9e \u00e0 votre pr\u00e9-inscription.\r\n\r\nS'il s'agit d'une erreur de notre part et que vous n'avez effectu\u00e9 aucune pr\u00e9-inscription sur le site {{ site }}, merci de ne pas tenir compte de ce courriel.\r\n\r\nCe courriel est un message d'information de l'IED pour lequel aucune r\u00e9ponse ne peut \u00eatre garantie.\r\n", "name": "email_reception", "subject": "[ IED ] : R\u00e9ception de votre dossier {{etape|safe}}"}}, {"pk": 2, "model": "mailrobot.mailbody", "fields": {"body": "\r\nBonjour, Mme.M {{ wish.individu.last_name|upper }} {{ wish.individu.first_name1 }}\r\n\r\nCe mail fait suite au traitement accord\u00e9 \u00e0 votre dossier d'\u00e9quivalence sur le site de {{ site|safe }}.\r\nNous vous confirmons que votre dossier est d'\u00e9quivalence est complet. Vous serez inform\u00e9 par mail de la suite accord\u00e9e \u00e0 votre dossier.", "name": "email_equivalence_complet", "subject": "Dossier d'equivalence complet"}}, {"pk": 3, "model": "mailrobot.mailbody", "fields": {"body": "\r\nBonjour, Mme.M {{ wish.individu.last_name|upper }} {{ wish.individu.first_name1 }}\r\n\r\nCe mail fait suite au traitement accord\u00e9 \u00e0 votre dossier d'\u00e9quivalence sur le site de {{ site|safe }}.\r\n\r\nLa commission d'entr\u00e9e en formation \u00e0 l'IED a r\u00e9orient\u00e9 \u00e0 votre demande d'acc\u00e8s en {{ wish.etape.label|safe }}. Nous vous invitons \u00e0 acc\u00e9der \u00e0 votre espace personnel en ligne https://{{ site|safe }}\r\nafin de poursuivre votre inscription.\r\n\r\nVous recevrez prochainement par courrier postal votre d\u00e9cision d'\u00e9quivalences. \r\n\r\nImportant : n'oubliez pas de joindre une copie de cette d\u00e9cision \u00e0 votre dossier d'inscription lors de son envoi.", "name": "email_equivalence_reoriente", "subject": "[ IED Paris 8 ] D\u00e9cision d'\u00e9quivalence"}}, {"pk": 4, "model": "mailrobot.mailbody", "fields": {"body": "\r\nBonjour, Mme.M {{ wish.individu.last_name|upper }} {{ wish.individu.first_name1 }}\r\n\r\nCe mail fait suite au traitement accord\u00e9 \u00e0 votre dossier d'\u00e9quivalence sur le site de {{ site|safe }}.\r\n\r\nNous vous informons que votre dossier d'\u00e9quivalence est incomplet. Nous vous invitons \u00e0 nous faire parvenir les pi\u00e8ces manquantes dans les sept jours qui suivent la r\u00e9ception de ce mail.\r\n\r\n{% if motif %}\r\n    Pi\u00e9ces manquantes :\r\n\r\n    {{ motif }}\r\n\r\n{% endif %}\r\n\r\nDans le cas contraire, votre dossier sera class\u00e9 sans suite.\r\n", "name": "email_equivalence_incomplet", "subject": "[ IED Paris 8 ] Dossier de demance d'\u00e9quivalence incomplet"}}, {"pk": 5, "model": "mailrobot.mailbody", "fields": {"body": "Bonjour, Mme.M {{ wish.individu.last_name|upper }} {{ wish.individu.first_name1 }}\r\n\r\nCe mail fait suite au traitement accord\u00e9 \u00e0 votre dossier d'\u00e9quivalence sur le site de {{ site|safe }}.\r\n\r\nLa commission comp\u00e9tente a \u00e9mis un avis favorable \u00e0 votre dossier d'\u00e9quivalence.\r\nVous pouvez vous rendre sur votre espace personnel en ligne https://{{ site|safe }} afin de poursuivre la proc\u00e9dure.\r\n\r\nVous recevrez prochainement par courrier postal votre d\u00e9cision d'\u00e9quivalences. \r\n\r\nImportant : n'oubliez pas de joindre une copie de cette d\u00e9cision \u00e0 votre dossier d'inscription lors de son envoi.", "name": "email_equivalence_accepte", "subject": "[ IED Paris 8 ] D\u00e9cision d'\u00e9quivalence"}}, {"pk": 6, "model": "mailrobot.mailbody", "fields": {"body": "\r\nBonjour, Mme.M {{ wish.individu.last_name|upper }} {{ wish.individu.first_name1 }}\r\n\r\nCe mail fait suite au traitement accord\u00e9 \u00e0 votre dossier d'\u00e9quivalence sur le site de {{ site|safe }}.\r\n\r\nLa commission comp\u00e9tente a donn\u00e9 un avis d\u00e9favorable sur votre dossier d'\u00e9quivalence}.\r\nNous ne pourrons donner suite \u00e0 votre demande d'acc\u00e8s en {{ wish.etape.label|safe }}\r\n{% if motif %}\r\npour la raison suivante :\r\n{{ motif }}\r\n{% else %}\r\n.{% endif %}\r\nCette d\u00e9cision vous sera \u00e9galement notifi\u00e9e par courrier postal.", "name": "email_equivalence_refuse", "subject": "[ IED Paris 8 ] Dossier de demance d'\u00e9quivalence refus\u00e9"}}, {"pk": 7, "model": "mailrobot.mailbody", "fields": {"body": "\r\nBonjour, Mme.M {{ wish.individu.last_name|upper }} {{ wish.individu.first_name1 }}\r\n\r\nCe mail fait suite au traitement accord\u00e9 \u00e0 votre dossier d'inscription en {{ wish.etape.label }} sur le site de {{ site|safe }}.\r\nNous vous confirmons que votre dossier est d'inscription est complet. Vous serez inform\u00e9 par mail de la suite accord\u00e9e \u00e0 votre dossier.", "name": "email_inscription_complet", "subject": "[IED] Dossier d'inscription complet"}}, {"pk": 8, "model": "mailrobot.mailbody", "fields": {"body": "\r\nBonjour, Mme.M {{ wish.individu.last_name|upper }} {{ wish.individu.first_name1 }}\r\n\r\nCe mail fait suite au traitement accord\u00e9 \u00e0 votre dossier d'inscription en {{ wish.etape.label }}  sur le site de {{ site|safe }}.\r\n\r\nNous vous informons que votre dossier d'inscription est incomplet. Nous vous invitons \u00e0 nous faire parvenir les pi\u00e8ces manquantes dans les sept jours qui suivent la r\u00e9ception de ce mail.\r\n\r\n{% if motif %}\r\n    Pi\u00e9ces manquantes :\r\n\r\n    {{ motif }}\r\n\r\n{% endif %}\r\n\r\nDans le cas contraire, votre dossier sera class\u00e9 sans suite.\r\n", "name": "email_inscription_incomplet", "subject": "[ IED Paris 8 ] Dossier de demance d'inscription incomplet"}}, {"pk": 9, "model": "mailrobot.mailbody", "fields": {"body": "\r\nBonjour, Mme.M {{ wish.individu.last_name|upper }} {{ wish.individu.first_name1 }}\r\n\r\nCe mail fait suite au traitement accord\u00e9 \u00e0 votre dossier d'inscription en {{ wish.etape.label }}  sur le site de {{ site|safe }}.\r\n\r\nNous vous informons que votre dossier est incomplet.\r\n\r\nNous vous le renvoyons et vous invitons \u00e0 nous le faire parvenir compl\u00e9t\u00e9 dans les plus brefs d\u00e9lais.\r\n\r\n{% if motif %}\r\n    Pi\u00e9ces manquantes :\r\n\r\n    {{ motif }}\r\n\r\n{% endif %}\r\n\r\n\r\nDans le cas contraire, votre dossier sera class\u00e9 sans suite.\r\n", "name": "email_inscription_incomplet_renvoi", "subject": "[ IED Paris 8 ] Dossier de demance d'inscription incomplet"}}, {"pk": 10, "model": "mailrobot.mailbody", "fields": {"body": "Madame, Monsieur\r\n\r\nVous vous \u00eates inscrit sur la liste d'attente du dipl\u00f4me de  {{ wish.etape.label }}. Une place vient de se lib\u00e9rer. Si vous souhaitez la prendre, rendez-vous dans votre espace de connexion aux inscriptions sur https://{{ site|safe }}, compl\u00e9tez et imprimez votre dossier, joignez les pi\u00e8ces demand\u00e9es. Pour pouvoir \u00eatre pris en compte, votre dossier doit parvenir \u00e0 l'IED 10 jours au plus tard apr\u00e8s la date du pr\u00e9sent email, sinon la place sera attribu\u00e9e \u00e0 quelqu'un d'autre.\r\n Ne tenez pas compte de la date limite d'envoi indiqu\u00e9e sur l'espace \u00e9tudiant", "name": "email_inscription_ouverte", "subject": "[IED] Dossier d'inscription d\u00e9bloqu\u00e9"}}, {"pk": 11, "model": "mailrobot.mailbody", "fields": {"body": "La commission comp\u00e9tente a donn\u00e9 un avis d\u00e9favorable sur votre dossier d'inscription.\r\nNous ne pourrons donner suite \u00e0 votre demande d'acc\u00e8s en {{ wish.etape.label|safe }}\r\n{% if motif %}\r\npour la raison suivante :\r\n{{ motif }}\r\n{% else %}\r\n.{% endif %}\r\n", "name": "email_inscription_refuse", "subject": "[IED] Dossier d'inscription refus\u00e9"}}, {"pk": 14, "model": "mailrobot.mailbody", "fields": {"body": "Bonjour, Mme.M {{ wish.individu.last_name|upper }} {{ wish.individu.first_name1 }}\r\n\r\nCe mail fait suite au traitement accord\u00e9 \u00e0 votre dossier de candidature sur le site de {{ site|safe }}.\r\n\r\nLa commission comp\u00e9tente a \u00e9mis un avis favorable \u00e0 votre dossier de candidature.\r\nVous pouvez vous rendre sur votre espace personnel en ligne https://{{ site|safe }} afin de poursuivre la proc\u00e9dure.\r\n", "name": "email_candidature_accepte", "subject": "[ IED Paris 8 ] D\u00e9cision de candidature"}}, {"pk": 15, "model": "mailrobot.mailbody", "fields": {"body": "\r\nBonjour, Mme.M {{ wish.individu.last_name|upper }} {{ wish.individu.first_name1 }}\r\n\r\nCe mail fait suite au traitement accord\u00e9 \u00e0 votre dossier de candidature sur le site de {{ site|safe }}.\r\n\r\nLa commission comp\u00e9tente a donn\u00e9 un avis d\u00e9favorable sur votre dossier de candidature.\r\nNous ne pourrons donner suite \u00e0 votre demande d'acc\u00e8s en {{ wish.etape.label|safe }}\r\n{% if motif %}\r\npour la raison suivante :\r\n{{ motif }}\r\n{% else %}\r\n.{% endif %}\r\n", "name": "email_candidature_refuse", "subject": "[ IED Paris 8 ] Dossier de candidature refus\u00e9"}}, {"pk": 16, "model": "mailrobot.mailbody", "fields": {"body": "\r\nBonjour, Mme.M {{ wish.individu.last_name|upper }} {{ wish.individu.first_name1 }}\r\n\r\nCe mail fait suite au traitement accord\u00e9 \u00e0 votre dossier de candidature en {{ wish.etape.label }} sur le site de {{ site|safe }}.\r\nNous vous confirmons que votre dossier de candidature est complet. Vous serez inform\u00e9 par mail de la suite accord\u00e9e \u00e0 votre dossier.", "name": "email_candidature_complet", "subject": "[IED] Dossier de candidature complet"}}, {"pk": 17, "model": "mailrobot.mailbody", "fields": {"body": "\r\nBonjour, Mme.M {{ wish.individu.last_name|upper }} {{ wish.individu.first_name1 }}\r\n\r\nCe mail fait suite au traitement accord\u00e9 \u00e0 votre dossier de candidature en {{ wish.etape.label }}  sur le site de {{ site|safe }}.\r\n\r\nNous vous informons que votre dossier de candidature est incomplet. Nous vous invitons \u00e0 nous faire parvenir les pi\u00e8ces manquantes dans les sept jours qui suivent la r\u00e9ception de ce mail.\r\n\r\n{% if motif %}\r\n    Pi\u00e9ces manquantes :\r\n\r\n    {{ motif }}\r\n\r\n{% endif %}\r\n\r\nDans le cas contraire, votre dossier sera class\u00e9 sans suite.\r\n", "name": "email_candidature_incomplet", "subject": "[ IED Paris 8 ] Dossier de demance de candidature incomplet"}}, {"pk": 18, "model": "mailrobot.mailbody", "fields": {"body": "Madame, Monsieur\r\n\r\nVous vous \u00eates inscrit sur la liste d'attente de candidature du dipl\u00f4me de  {{ wish.etape.label }}. Une place vient de se lib\u00e9rer. Si vous souhaitez la prendre, rendez-vous dans votre espace de connexion aux inscriptions sur https://{{ site|safe }}, compl\u00e9tez et imprimez votre dossier de candidature, joignez les pi\u00e8ces demand\u00e9es. Pour pouvoir \u00eatre pris en compte, votre dossier doit parvenir \u00e0 l'IED 10 jours au plus tard apr\u00e8s la date du pr\u00e9sent email, sinon la place sera attribu\u00e9e \u00e0 quelqu'un d'autre.\r\n ", "name": "email_candidature_ouverte", "subject": "[IED] Dossier de candidature d\u00e9bloqu\u00e9"}}, {"pk": 19, "model": "mailrobot.mailbody", "fields": {"body": "Madame, Monsieur\r\n\r\nLa commission comp\u00e9tente a class\u00e9 votre dossier de candidature dans la liste d'attente pour {{ wish.step.label|safe }}.\r\nLa capacit\u00e9 d'accueil de la formation est atteinte.\r\nSi une place se lib\u00e8re, vous recevrez un mail et pourrez vous rendre sur votre espace personnel en ligne {{ site|safe }} afin de poursuivre la proc\u00e8dure.\r\n ", "name": "email_candidature_attente", "subject": "[IED] Dossier de candidature mis en attente"}}, {"pk": 20, "model": "mailrobot.mailbody", "fields": {"body": "Bonjour {{ prenom }} ,\r\n\r\n\r\nNous avons le plaisir de vous annoncer que votre inscription en {{ etape }} est valid\u00e9e.\r\nVous recevrez dans les meilleurs d\u00e9lais votre carte d\u2019\u00e9tudiant de l\u2019Universit\u00e9 de Paris 8.\r\n\r\nVous pouvez acc\u00e9der \u00e0 la plateforme d'enseignement \u00e0 distance (EAD) \u00e0 partir du site de l'IED (www.iedparis8.net) en cliquant sur Plateforme EAD, ou directement en suivant le lien http://foad.iedparis8.net/.\r\n\r\nVous devrez alors vous identifier par votre code \u00e9tudiant (compos\u00e9 de {{ username|length}} caract\u00e8res) suivi de votre mot de passe (code \u00e0 4 chiffres).\r\n\r\nL'acc\u00e8s \u00e0 votre espace p\u00e9dagogique : http://foad.iedparis8.net/\r\nVotre code \u00e9tudiant : {{username}}\r\nVotre mot de passe : {{password}} \r\n\r\nPar ailleurs, un service de messagerie Web vous est accord\u00e9 pour toute correspondance p\u00e9dagogique.\r\nVous pourrez vous y authentifier avec les informations ci-dessous pour y avoir acc\u00e8s.\r\n\r\nL'acc\u00e8s \u00e0 votre messagerie : https://webmail-foad.iedparis8.net/\r\nVotre nom d'utilisateur : {{email}} \r\nVotre mot de passe : {{ password }} \r\n\r\n{{email}} est votre adresse \u00e9lectronique et devra \u00eatre utilis\u00e9e exclusivement pour les \u00e9changes avec vos enseignants et le secr\u00e9tariat de votre formation.\r\n\r\nVeillez bien \u00e0 consulter r\u00e9guli\u00e8rement votre messagerie afin de suivre l'actualit\u00e9 de votre enseignement \u00e0 distance.\r\n\r\nVeillez \u00e9galement \u00e0 vous d\u00e9connecter de votre messagerie Web et/ou de votre espace p\u00e9dagogique une fois que vous avez termin\u00e9 d'utiliser votre ordinateur.\r\n\r\nCordialement.\r\n", "name": "remontee", "subject": "INSCRIPTION VALID\u00c9E en {{etape}}"}}, {"pk": 21, "model": "mailrobot.mailbody", "fields": {"body": "texte a rajouter!!", "name": "mail_dossier_annule_inscription", "subject": "[IED] Dossier d'inscription annul\u00e9"}}, {"pk": 22, "model": "mailrobot.mailbody", "fields": {"body": "Vous etez autoris\u00e9 a s'inscrire.", "name": "email_autorise_from_equi", "subject": "Votre dossier d'equivalence IED"}}, {"pk": 23, "model": "mailrobot.mailbody", "fields": {"body": "Vous pouvez de maintenant poursuivre votre procedure d'equivalence.", "name": "email_equivalence_sorti_liste_attente", "subject": "Procedure equivallence IED PARIS8"}}, {"pk": 24, "model": "mailrobot.mailbody", "fields": {"body": "\r\n\r\n Bonjour,\r\n\r\nCe courriel fait suite au traitement accord\u00e9 \u00e0 votre dossier d'inscription effectu\u00e9e en ligne sur le site de l'Institut d'Enseignement \u00e0 Distance (IED) de Paris 8 {{ site }}.\r\n\r\nVotre dossier d'inscription en Auditeur Libre est complet et va \u00eatre enregistrer prochainement.\r\n\r\nVotre inscription effective vous sera notifi\u00e9 par courriel.\r\n\r\nS'il s'agit d'une erreur de notre part et que vous n'avez effectu\u00e9 aucune pr\u00e9-inscription sur le site {{ site|safe }}, merci de ne pas tenir compte de ce courriel.\r\n\r\nCe courriel est un message d'information de l'IED pour lequel aucune r\u00e9ponse ne peut \u00eatre garantie.\r\n\r\n--\r\nL'Institut d'Enseignement \u00e0 Distance de Paris 8\r\n", "name": "email_auditeur_traite", "subject": "Dossier auditeur libre IED trait\u00e9"}}, {"pk": 25, "model": "mailrobot.mailbody", "fields": {"body": "{{  nom }} {{ prenom  }} {{ num_etu  }} {{ code_diplome  }}\r\n\r\nMadame, Monsieur,\r\nNous vous adressons ce e-mail informant que votre ch\u00e8que num\u00e9ro {{ num_cheque  }} de la banque {{ nom_banque }}\r\nd'un montant de {{  montant }} euros  vient d'\u00eatre traiter par  nos services en date du {{ date_cloture }}  .\r\nIl sera donc bient\u00f4t d\u00e9biter de votre compte bancaire. \r\nNous vous prions de faire le n\u00e9cessaire afin d'approvisionner votre compte, pour \u00e9viter tout d\u00e9sagr\u00e9ment de paiement.\r\n\r\nNous vous prions d'agr\u00e9er, Madame, Monsieur, nos cordiales salutations. \r\n    ", "name": "cloture_bordereau", "subject": "Ch\u00e9que mis en encaissement {{  nom }} {{ prenom  }} {{ num_etu  }}"}}, {"pk": 26, "model": "mailrobot.mailbody", "fields": {"body": "Vous trouverez en pi\u00e8ce jointe un rappel de paiement.", "name": "mail_relance", "subject": "[IED] D\u00e9faut de paiement des frais et droits de scolarit\u00e9"}}, {"pk": 27, "model": "mailrobot.mailbody", "fields": {"body": "Vous trouverez en pi\u00e8ce jointe la confirmation de votre r\u00e9gulation.", "name": "mail_regularisation", "subject": "[IED] D\u00e9faut de paiement des frais et droits de scolarit\u00e9"}}, {"pk": 28, "model": "mailrobot.mailbody", "fields": {"body": "Bonjour,\r\n\r\nVous trouverez en pi\u00e8ce-jointe les convocations aux examens.\r\n\r\nCordialement,", "name": "mail_envoi_convocation", "subject": "[IED] Envoi convocation"}}, {"pk": 1, "model": "mailrobot.mail", "fields": {"sender": 1, "recipients": [], "ccs": [], "content": 1, "bccs": [], "signature": 1, "reply_to": 1, "name": "email_reception"}}, {"pk": 2, "model": "mailrobot.mail", "fields": {"sender": 1, "recipients": [], "ccs": [], "content": 2, "bccs": [], "signature": 1, "reply_to": null, "name": "email_equivalence_complet"}}, {"pk": 3, "model": "mailrobot.mail", "fields": {"sender": 1, "recipients": [], "ccs": [], "content": 4, "bccs": [], "signature": 1, "reply_to": null, "name": "email_equivalence_incomplet"}}, {"pk": 4, "model": "mailrobot.mail", "fields": {"sender": 1, "recipients": [], "ccs": [], "content": 5, "bccs": [], "signature": 1, "reply_to": null, "name": "email_equivalence_accepte"}}, {"pk": 5, "model": "mailrobot.mail", "fields": {"sender": 1, "recipients": [], "ccs": [], "content": 3, "bccs": [], "signature": 1, "reply_to": null, "name": "email_equivalence_reoriente"}}, {"pk": 6, "model": "mailrobot.mail", "fields": {"sender": 1, "recipients": [], "ccs": [], "content": 6, "bccs": [], "signature": 1, "reply_to": null, "name": "email_equivalence_refuse"}}, {"pk": 7, "model": "mailrobot.mail", "fields": {"sender": 1, "recipients": [], "ccs": [], "content": 7, "bccs": [], "signature": 1, "reply_to": 1, "name": "email_inscription_complet"}}, {"pk": 8, "model": "mailrobot.mail", "fields": {"sender": 1, "recipients": [], "ccs": [], "content": 8, "bccs": [], "signature": 1, "reply_to": 1, "name": "email_inscription_incomplet"}}, {"pk": 9, "model": "mailrobot.mail", "fields": {"sender": 1, "recipients": [], "ccs": [], "content": 9, "bccs": [], "signature": 1, "reply_to": null, "name": "email_inscription_incomplet_renvoi"}}, {"pk": 10, "model": "mailrobot.mail", "fields": {"sender": 1, "recipients": [], "ccs": [], "content": 10, "bccs": [], "signature": 2, "reply_to": null, "name": "email_inscription_ouverte"}}, {"pk": 11, "model": "mailrobot.mail", "fields": {"sender": 1, "recipients": [], "ccs": [], "content": 11, "bccs": [], "signature": 1, "reply_to": null, "name": "email_inscription_refuse"}}, {"pk": 12, "model": "mailrobot.mail", "fields": {"sender": 1, "recipients": [], "ccs": [], "content": 16, "bccs": [], "signature": 1, "reply_to": 1, "name": "email_candidature_complet"}}, {"pk": 13, "model": "mailrobot.mail", "fields": {"sender": 1, "recipients": [], "ccs": [], "content": 14, "bccs": [], "signature": 1, "reply_to": null, "name": "email_candidature_accepte"}}, {"pk": 14, "model": "mailrobot.mail", "fields": {"sender": 1, "recipients": [], "ccs": [], "content": 17, "bccs": [], "signature": 1, "reply_to": null, "name": "email_candidature_incomplet"}}, {"pk": 15, "model": "mailrobot.mail", "fields": {"sender": 1, "recipients": [], "ccs": [], "content": 15, "bccs": [], "signature": 1, "reply_to": null, "name": "email_candidature_refuse"}}, {"pk": 16, "model": "mailrobot.mail", "fields": {"sender": 1, "recipients": [], "ccs": [], "content": 18, "bccs": [], "signature": 2, "reply_to": null, "name": "email_candidature_ouverte"}}, {"pk": 17, "model": "mailrobot.mail", "fields": {"sender": 1, "recipients": [], "ccs": [], "content": 19, "bccs": [], "signature": 1, "reply_to": 1, "name": "email_candidature_attente"}}, {"pk": 18, "model": "mailrobot.mail", "fields": {"sender": 1, "recipients": [], "ccs": [], "content": 20, "bccs": [2], "signature": 3, "reply_to": 1, "name": "remontee"}}, {"pk": 19, "model": "mailrobot.mail", "fields": {"sender": 1, "recipients": [], "ccs": [], "content": 21, "bccs": [], "signature": 1, "reply_to": null, "name": "dossier_annule_inscription"}}, {"pk": 20, "model": "mailrobot.mail", "fields": {"sender": 1, "recipients": [], "ccs": [], "content": 22, "bccs": [], "signature": 1, "reply_to": null, "name": "email_autorise_from_equi"}}, {"pk": 21, "model": "mailrobot.mail", "fields": {"sender": 1, "recipients": [], "ccs": [], "content": 23, "bccs": [], "signature": 1, "reply_to": null, "name": "email_equivalence_sorti_liste_attente"}}, {"pk": 22, "model": "mailrobot.mail", "fields": {"sender": 1, "recipients": [], "ccs": [], "content": 24, "bccs": [], "signature": 1, "reply_to": null, "name": "email_auditeur_traite"}}, {"pk": 23, "model": "mailrobot.mail", "fields": {"sender": 1, "recipients": [], "ccs": [], "content": 25, "bccs": [2, 3], "signature": 4, "reply_to": null, "name": "cloture_bordereau"}}, {"pk": 24, "model": "mailrobot.mail", "fields": {"sender": 1, "recipients": [], "ccs": [], "content": 26, "bccs": [], "signature": 4, "reply_to": null, "name": "mail_relance"}}, {"pk": 25, "model": "mailrobot.mail", "fields": {"sender": 1, "recipients": [], "ccs": [], "content": 27, "bccs": [], "signature": 4, "reply_to": null, "name": "mail_regularisation"}}, {"pk": 26, "model": "mailrobot.mail", "fields": {"sender": 2, "recipients": [], "ccs": [], "content": 28, "bccs": [], "signature": 2, "reply_to": null, "name": "mail_envoi_convocation"}}]